<?xml version="1.0" encoding="utf-8" ?>
<!-- SQL XML created by WWW SQL Designer, https://github.com/ondras/wwwsqldesigner/ -->
<!-- Active URL: https://jaahosting.com/sqldesigner/ -->
<sql>
<datatypes db="mysql">
	<group label="Numeric" color="rgb(238,238,170)">
		<type label="Integer" length="0" sql="INTEGER" quote=""/>
	 	<type label="TINYINT" length="0" sql="TINYINT" quote=""/>
	 	<type label="SMALLINT" length="0" sql="SMALLINT" quote=""/>
	 	<type label="MEDIUMINT" length="0" sql="MEDIUMINT" quote=""/>
	 	<type label="INT" length="0" sql="INT" quote=""/>
		<type label="BIGINT" length="0" sql="BIGINT" quote=""/>
		<type label="Decimal" length="1" sql="DECIMAL" re="DEC" quote=""/>
		<type label="Single precision" length="0" sql="FLOAT" quote=""/>
		<type label="Double precision" length="0" sql="DOUBLE" re="DOUBLE" quote=""/>
	</group>

	<group label="Character" color="rgb(255,200,200)">
		<type label="Char" length="1" sql="CHAR" quote="'"/>
		<type label="Varchar" length="1" sql="VARCHAR" quote="'"/>
		<type label="Text" length="0" sql="MEDIUMTEXT" re="TEXT" quote="'"/>
		<type label="Binary" length="1" sql="BINARY" quote="'"/>
		<type label="Varbinary" length="1" sql="VARBINARY" quote="'"/>
		<type label="BLOB" length="0" sql="BLOB" re="BLOB" quote="'"/>
	</group>

	<group label="Date &amp; Time" color="rgb(200,255,200)">
		<type label="Date" length="0" sql="DATE" quote="'"/>
		<type label="Time" length="0" sql="TIME" quote="'"/>
		<type label="Datetime" length="0" sql="DATETIME" quote="'"/>
		<type label="Year" length="0" sql="YEAR" quote=""/>
		<type label="Timestamp" length="0" sql="TIMESTAMP" quote="'"/>
	</group>
	
	<group label="Miscellaneous" color="rgb(200,200,255)">
		<type label="ENUM" length="1" sql="ENUM" quote=""/>
		<type label="SET" length="1" sql="SET" quote=""/>
		<type label="Bit" length="0" sql="bit" quote=""/>
	</group>
</datatypes><table x="581" y="36" name="estudiantes">
<row name="idEstudiante" null="0" autoincrement="1">
<datatype>INTEGER</datatype>
</row>
<row name="nombre" null="0" autoincrement="0">
<datatype>VARCHAR(35)</datatype>
</row>
<row name="apellido" null="0" autoincrement="0">
<datatype>VARCHAR(45)</datatype>
</row>
<row name="idCiudad" null="0" autoincrement="0">
<datatype>INTEGER</datatype>
<relation table="ciudades" row="idCiudad" />
</row>
<row name="cin" null="0" autoincrement="0">
<datatype>INTEGER</datatype>
</row>
<key type="UNIQUE" name="">
<part>idEstudiante</part>
</key>
<key type="UNIQUE" name="">
<part>cin</part>
</key>
</table>
<table x="823" y="130" name="ciudades">
<row name="idCiudad" null="0" autoincrement="1">
<datatype>INTEGER</datatype>
</row>
<row name="nombre" null="0" autoincrement="0">
<datatype>VARCHAR(50)</datatype>
</row>
<key type="PRIMARY" name="">
<part>idCiudad</part>
</key>
<key type="UNIQUE" name="">
<part>nombre</part>
</key>
</table>
<table x="580" y="237" name="usuarios">
<row name="idUsuario" null="0" autoincrement="1">
<datatype>INTEGER</datatype>
</row>
<row name="alias" null="0" autoincrement="0">
<datatype>VARCHAR(65)</datatype>
</row>
<row name="clave" null="0" autoincrement="0">
<datatype>VARCHAR(255)</datatype>
</row>
<row name="idRol" null="0" autoincrement="0">
<datatype>INTEGER</datatype>
<relation table="roles" row="idRol" />
</row>
<key type="PRIMARY" name="">
<part>idUsuario</part>
</key>
<key type="UNIQUE" name="">
<part>alias</part>
</key>
</table>
<table x="836" y="264" name="roles">
<row name="idRol" null="0" autoincrement="1">
<datatype>INTEGER</datatype>
</row>
<row name="nombre" null="0" autoincrement="0">
<datatype>VARCHAR(45)</datatype>
</row>
<key type="PRIMARY" name="">
<part>idRol</part>
</key>
<key type="UNIQUE" name="">
<part>nombre</part>
</key>
</table>
<table x="286" y="22" name="matriculas">
<row name="idMatricula" null="0" autoincrement="1">
<datatype>INTEGER</datatype>
</row>
<row name="fecha" null="0" autoincrement="0">
<datatype>DATE</datatype>
</row>
<row name="idEstudiante" null="0" autoincrement="0">
<datatype>INTEGER</datatype>
<relation table="estudiantes" row="idEstudiante" />
</row>
<row name="idUsuario" null="0" autoincrement="0">
<datatype>INTEGER</datatype>
<relation table="usuarios" row="idUsuario" />
</row>
<row name="idCurso" null="0" autoincrement="0">
<datatype>INTEGER</datatype>
<relation table="cursos" row="idCurso" />
</row>
<key type="PRIMARY" name="">
<part>idMatricula</part>
</key>
</table>
<table x="42" y="47" name="cursos">
<row name="idCurso" null="0" autoincrement="1">
<datatype>INTEGER</datatype>
</row>
<row name="nombre" null="0" autoincrement="0">
<datatype>VARCHAR(50)</datatype>
</row>
<row name="importe" null="0" autoincrement="0">
<datatype>DOUBLE</datatype>
</row>
<key type="PRIMARY" name="">
<part>idCurso</part>
</key>
<key type="UNIQUE" name="">
<part>nombre</part>
</key>
</table>
<table x="258" y="208" name="facturas">
<row name="numero" null="0" autoincrement="1">
<datatype>INTEGER</datatype>
</row>
<row name="fecha" null="0" autoincrement="0">
<datatype>DATE</datatype>
</row>
<row name="idEstudiante" null="0" autoincrement="0">
<datatype>INTEGER</datatype>
<relation table="estudiantes" row="idEstudiante" />
</row>
<row name="idFormaPago" null="0" autoincrement="0">
<datatype>INTEGER</datatype>
<relation table="formapagos" row="idFormaPago" />
</row>
<row name="anulada" null="0" autoincrement="0">
<datatype>SMALLINT</datatype>
</row>
<row name="idUsuario" null="0" autoincrement="0">
<datatype>INTEGER</datatype>
<relation table="usuarios" row="idUsuario" />
</row>
<key type="PRIMARY" name="">
<part>numero</part>
</key>
</table>
<table x="49" y="236" name="detallefacturas">
<row name="numero" null="0" autoincrement="0">
<datatype>INTEGER</datatype>
<relation table="facturas" row="numero" />
</row>
<row name="idCurso" null="0" autoincrement="0">
<datatype>INTEGER</datatype>
<relation table="cursos" row="idCurso" />
</row>
<row name="cantidad" null="0" autoincrement="0">
<datatype>INTEGER</datatype>
</row>
<row name="importe" null="0" autoincrement="0">
<datatype>DOUBLE</datatype>
</row>
<key type="PRIMARY" name="">
<part>numero</part>
<part>idCurso</part>
</key>
</table>
<table x="434" y="414" name="formapagos">
<row name="idFormaPago" null="0" autoincrement="1">
<datatype>INTEGER</datatype>
</row>
<row name="descripcion" null="0" autoincrement="0">
<datatype>VARCHAR(45)</datatype>
</row>
<key type="PRIMARY" name="">
<part>idFormaPago</part>
</key>
<key type="UNIQUE" name="">
<part>descripcion</part>
</key>
</table>
</sql>
